edge_id,prerequisite_id,prerequisite_name,concept_id,concept_name,cross_module,status,strength,justification
E01,prog.java_intro,Introduction to Java,prog.variables_types,Variables and Data Types,no,seeded,,
E02,prog.variables_types,Variables and Data Types,prog.operators_expressions,Operators and Expressions,no,seeded,,
E03,prog.operators_expressions,Operators and Expressions,prog.conditionals,Conditionals,no,seeded,,
E04,prog.conditionals,Conditionals,prog.loops,Loops,no,seeded,,
E05,prog.loops,Loops,prog.nested_loops,Nested Loops,no,seeded,,
E06,prog.variables_types,Variables and Data Types,prog.methods,Methods,no,seeded,,
E07,prog.methods,Methods,prog.call_flow,Method Call Flow and Scope,no,seeded,,
E08,prog.variables_types,Variables and Data Types,prog.arrays,Arrays,no,seeded,,
E09,prog.loops,Loops,prog.arrays,Arrays,no,seeded,,
E10,prog.arrays,Arrays,prog.array_iteration,Iterating over Arrays,no,seeded,,
E11,prog.methods,Methods,prog.classes_objects,Classes and Objects,no,seeded,,
E12,prog.arrays,Arrays,prog.references,References,no,seeded,,
E13,prog.classes_objects,Classes and Objects,prog.references,References,no,seeded,,
E14,prog.nested_loops,Nested Loops,prog.code_tracing,Tracing Program Execution,no,seeded,,
E15,prog.call_flow,Method Call Flow and Scope,prog.code_tracing,Tracing Program Execution,no,seeded,,
E16,prog.references,References,prog.code_tracing,Tracing Program Execution,no,seeded,,
E17,prog.loops,Loops,dsa.big_o,Big-O and growth rate,yes,seeded,,
E18,prog.nested_loops,Nested Loops,dsa.big_o,Big-O and growth rate,yes,seeded,,
E19,dsa.big_o,Big-O and growth rate,dsa.complexity_classes,Complexity classes and case analysis,no,seeded,,
E20,dsa.big_o,Big-O and growth rate,dsa.array_costs,Array operation costs,no,seeded,,
E21,prog.arrays,Arrays,dsa.array_costs,Array operation costs,yes,seeded,,
E22,dsa.array_costs,Array operation costs,dsa.linked_list,Linked lists,no,seeded,,
E23,prog.array_iteration,Iterating over Arrays,dsa.linked_list,Linked lists,yes,seeded,,
E24,prog.references,References,dsa.linked_list,Linked lists,yes,seeded,,
E25,dsa.array_costs,Array operation costs,dsa.stack,Stacks,no,seeded,,
E26,dsa.linked_list,Linked lists,dsa.queue,Queues,no,seeded,,
E27,dsa.stack,Stacks,dsa.call_stack,The call stack,no,seeded,,
E28,prog.call_flow,Method Call Flow and Scope,dsa.call_stack,The call stack,yes,seeded,,
E29,prog.conditionals,Conditionals,dsa.recursion_cases,Base case and recursive case,yes,seeded,,
E30,dsa.call_stack,The call stack,dsa.recursion_cases,Base case and recursive case,no,seeded,,
E31,prog.methods,Methods,dsa.recursion_cases,Base case and recursive case,yes,seeded,,
E32,dsa.recursion_cases,Base case and recursive case,dsa.recursion_tracing,Tracing recursion,no,seeded,,
E33,prog.code_tracing,Tracing Program Execution,dsa.recursion_tracing,Tracing recursion,yes,seeded,,
E34,dsa.linked_list,Linked lists,dsa.tree_traversal,Tree structure and traversal,no,seeded,,
E35,dsa.recursion_tracing,Tracing recursion,dsa.tree_traversal,Tree structure and traversal,no,seeded,,
E36,dsa.complexity_classes,Complexity classes and case analysis,dsa.bst,Binary search trees,no,seeded,,
E37,dsa.tree_traversal,Tree structure and traversal,dsa.bst,Binary search trees,no,seeded,,
E38,dsa.complexity_classes,Complexity classes and case analysis,dsa.merge_sort,Divide-and-conquer and merge sort,no,seeded,,
E39,dsa.recursion_tracing,Tracing recursion,dsa.merge_sort,Divide-and-conquer and merge sort,no,seeded,,
