concept_id,name,module,topic,teaching_position,description,syllabus_week,source_document,learning_outcome,notes
prog.java_intro,Introduction to Java,Programming Fundamentals in Java,Getting Started,1,"How Java source becomes a running program (JDK, compiler, bytecode, JVM); writing a class with a main method and printing output",,,,
prog.variables_types,Variables and Data Types,Programming Fundamentals in Java,Basics,2,"Declaring, initialising and reassigning variables; the common types int, long, double, char, boolean and String",,,,
prog.operators_expressions,Operators and Expressions,Programming Fundamentals in Java,Basics,3,"Arithmetic, comparison and logical operators; integer division, remainder, precedence and how expressions evaluate",,,,
prog.conditionals,Conditionals,Programming Fundamentals in Java,Control Flow,4,"Branching with if, else-if and else; ordering conditions and matching each else to its if",,,,
prog.loops,Loops,Programming Fundamentals in Java,Control Flow,5,"Repeating work with while, for and do-while; counting, accumulator and sentinel patterns; break, continue and off-by-one errors",,,,
prog.nested_loops,Nested Loops,Programming Fundamentals in Java,Control Flow,6,"Loops inside loops and how the total number of iterations multiplies; tables, patterns and pairs",,,,
prog.methods,Methods,Programming Fundamentals in Java,Methods,7,"Defining and calling static methods; parameters versus arguments, return values, void, pass-by-value and overloading",,,,
prog.call_flow,Method Call Flow and Scope,Programming Fundamentals in Java,Methods,8,Methods calling other methods and the order calls start and finish; each call's own local variables; variable scope and shadowing,,,,
prog.arrays,Arrays,Programming Fundamentals in Java,Arrays,9,"Declaring and creating arrays; zero-based indexing, length and default values",,,,
prog.array_iteration,Iterating over Arrays,Programming Fundamentals in Java,Arrays,10,"Traversing arrays with indexed and enhanced for loops; sum, maximum, counting, linear search, reversing and copying",,,,
prog.classes_objects,Classes and Objects,Programming Fundamentals in Java,Objects,11,"Classes versus objects; fields, constructors and instance methods; creating objects with new",,,,
prog.references,References,Programming Fundamentals in Java,Objects,12,"Primitive versus reference variables; aliasing, mutating shared objects and arrays, null and NullPointerException",,,,
prog.code_tracing,Tracing Program Execution,Programming Fundamentals in Java,Program Tracing,13,"Tracing programs by hand with a trace table across loops, calls, arrays and objects; choosing edge-case test inputs",,,,
dsa.big_o,Big-O and growth rate,Data Structures and Algorithms,Complexity,1,Counting operations as input grows and expressing the growth with Big-O,,,,
dsa.complexity_classes,Complexity classes and case analysis,Data Structures and Algorithms,Complexity,2,"Comparing O(1), O(log n), O(n), O(n log n), O(n^2); best and worst case",,,,
dsa.array_costs,Array operation costs,Data Structures and Algorithms,Linear Structures,3,Why array access is constant time but insertion and deletion are linear,,,,
dsa.linked_list,Linked lists,Data Structures and Algorithms,Linear Structures,4,"Nodes and pointers; traversal, insertion and deletion by pointer reassignment",,,,
dsa.stack,Stacks,Data Structures and Algorithms,Linear Structures,5,"LIFO ordering; push, pop and peek; applications such as bracket matching and undo",,,,
dsa.queue,Queues,Data Structures and Algorithms,Linear Structures,6,FIFO ordering; enqueue and dequeue; applications such as scheduling,,,,
dsa.call_stack,The call stack,Data Structures and Algorithms,Recursion,7,How the runtime tracks active function calls as a stack of frames,,,,
dsa.recursion_cases,Base case and recursive case,Data Structures and Algorithms,Recursion,8,Stopping condition and reducing a problem to a smaller instance of itself,,,,
dsa.recursion_tracing,Tracing recursion,Data Structures and Algorithms,Recursion,9,Following recursive calls frame by frame; call depth and stack overflow,,,,
dsa.tree_traversal,Tree structure and traversal,Data Structures and Algorithms,Trees,10,"Root, leaf, height and subtree; in-order, pre-order and post-order traversal",,,,
dsa.bst,Binary search trees,Data Structures and Algorithms,Trees,11,The BST invariant; search and insertion; degradation on sorted input,,,,
dsa.merge_sort,Divide-and-conquer and merge sort,Data Structures and Algorithms,Sorting,12,"Divide, conquer, combine; merge sort and why it runs in O(n log n)",,,,
