pair_id,concept_a,concept_b,question,answer_yes_no,comment
P001,Conditionals,Base case and recursive case,Must a student understand A before they can learn B?,,
P002,Nested Loops,Arrays,Must a student understand A before they can learn B?,,
P003,Nested Loops,Tracing Program Execution,Must a student understand A before they can learn B?,,
P004,Arrays,Iterating over Arrays,Must a student understand A before they can learn B?,,
P005,Linked lists,Tree structure and traversal,Must a student understand A before they can learn B?,,
P006,Stacks,The call stack,Must a student understand A before they can learn B?,,
P007,Variables and Data Types,Operators and Expressions,Must a student understand A before they can learn B?,,
P008,Introduction to Java,Variables and Data Types,Must a student understand A before they can learn B?,,
P009,References,Tracing Program Execution,Must a student understand A before they can learn B?,,
P010,Tracing Program Execution,Iterating over Arrays,Must a student understand A before they can learn B?,,
P011,Queues,Base case and recursive case,Must a student understand A before they can learn B?,,
P012,Methods,Classes and Objects,Must a student understand A before they can learn B?,,
P013,Tracing recursion,Tracing Program Execution,Must a student understand A before they can learn B?,,
P014,Linked lists,Queues,Must a student understand A before they can learn B?,,
P015,Conditionals,Operators and Expressions,Must a student understand A before they can learn B?,,
P016,Nested Loops,Big-O and growth rate,Must a student understand A before they can learn B?,,
P017,Divide-and-conquer and merge sort,Complexity classes and case analysis,Must a student understand A before they can learn B?,,
P018,Big-O and growth rate,Nested Loops,Must a student understand A before they can learn B?,,
P019,Loops,Methods,Must a student understand A before they can learn B?,,
P020,Methods,Base case and recursive case,Must a student understand A before they can learn B?,,
P021,The call stack,Complexity classes and case analysis,Must a student understand A before they can learn B?,,
P022,Divide-and-conquer and merge sort,Tracing recursion,Must a student understand A before they can learn B?,,
P023,Method Call Flow and Scope,Methods,Must a student understand A before they can learn B?,,
P024,Tracing Program Execution,Tracing recursion,Must a student understand A before they can learn B?,,
P025,Arrays,References,Must a student understand A before they can learn B?,,
P026,Array operation costs,Complexity classes and case analysis,Must a student understand A before they can learn B?,,
P027,Base case and recursive case,Tracing recursion,Must a student understand A before they can learn B?,,
P028,Loops,Arrays,Must a student understand A before they can learn B?,,
P029,Complexity classes and case analysis,Divide-and-conquer and merge sort,Must a student understand A before they can learn B?,,
P030,Conditionals,Loops,Must a student understand A before they can learn B?,,
P031,Arrays,Nested Loops,Must a student understand A before they can learn B?,,
P032,Complexity classes and case analysis,Big-O and growth rate,Must a student understand A before they can learn B?,,
P033,Arrays,Loops,Must a student understand A before they can learn B?,,
P034,Tracing Program Execution,References,Must a student understand A before they can learn B?,,
P035,Method Call Flow and Scope,Tracing Program Execution,Must a student understand A before they can learn B?,,
P036,Variables and Data Types,Introduction to Java,Must a student understand A before they can learn B?,,
P037,Loops,Nested Loops,Must a student understand A before they can learn B?,,
P038,Classes and Objects,References,Must a student understand A before they can learn B?,,
P039,Tree structure and traversal,Binary search trees,Must a student understand A before they can learn B?,,
P040,References,Linked lists,Must a student understand A before they can learn B?,,
P041,Arrays,Variables and Data Types,Must a student understand A before they can learn B?,,
P042,Operators and Expressions,Variables and Data Types,Must a student understand A before they can learn B?,,
P043,Big-O and growth rate,Complexity classes and case analysis,Must a student understand A before they can learn B?,,
P044,Method Call Flow and Scope,Conditionals,Must a student understand A before they can learn B?,,
P045,Queues,The call stack,Must a student understand A before they can learn B?,,
P046,Conditionals,Classes and Objects,Must a student understand A before they can learn B?,,
P047,Variables and Data Types,Arrays,Must a student understand A before they can learn B?,,
P048,Tracing recursion,Tree structure and traversal,Must a student understand A before they can learn B?,,
P049,The call stack,Base case and recursive case,Must a student understand A before they can learn B?,,
P050,Methods,Variables and Data Types,Must a student understand A before they can learn B?,,
P051,Operators and Expressions,Conditionals,Must a student understand A before they can learn B?,,
P052,Loops,Big-O and growth rate,Must a student understand A before they can learn B?,,
P053,Tracing recursion,Divide-and-conquer and merge sort,Must a student understand A before they can learn B?,,
P054,Methods,Arrays,Must a student understand A before they can learn B?,,
P055,Tracing recursion,Complexity classes and case analysis,Must a student understand A before they can learn B?,,
P056,Iterating over Arrays,Linked lists,Must a student understand A before they can learn B?,,
P057,References,Iterating over Arrays,Must a student understand A before they can learn B?,,
P058,Array operation costs,Stacks,Must a student understand A before they can learn B?,,
P059,Variables and Data Types,Methods,Must a student understand A before they can learn B?,,
P060,Methods,Method Call Flow and Scope,Must a student understand A before they can learn B?,,
P061,Array operation costs,Linked lists,Must a student understand A before they can learn B?,,
P062,Tracing Program Execution,Nested Loops,Must a student understand A before they can learn B?,,
P063,Operators and Expressions,Classes and Objects,Must a student understand A before they can learn B?,,
P064,Method Call Flow and Scope,The call stack,Must a student understand A before they can learn B?,,
P065,Big-O and growth rate,Array operation costs,Must a student understand A before they can learn B?,,
P066,Complexity classes and case analysis,Binary search trees,Must a student understand A before they can learn B?,,
P067,Tracing Program Execution,Method Call Flow and Scope,Must a student understand A before they can learn B?,,
P068,Classes and Objects,Method Call Flow and Scope,Must a student understand A before they can learn B?,,
P069,Arrays,Array operation costs,Must a student understand A before they can learn B?,,
