pair_id,kind,a_id,b_id
P001,edge,prog.conditionals,dsa.recursion_cases
P002,non_edge,prog.nested_loops,prog.arrays
P003,edge,prog.nested_loops,prog.code_tracing
P004,edge,prog.arrays,prog.array_iteration
P005,edge,dsa.linked_list,dsa.tree_traversal
P006,edge,dsa.stack,dsa.call_stack
P007,edge,prog.variables_types,prog.operators_expressions
P008,edge,prog.java_intro,prog.variables_types
P009,edge,prog.references,prog.code_tracing
P010,non_edge,prog.code_tracing,prog.array_iteration
P011,non_edge,dsa.queue,dsa.recursion_cases
P012,edge,prog.methods,prog.classes_objects
P013,reversed,dsa.recursion_tracing,prog.code_tracing
P014,edge,dsa.linked_list,dsa.queue
P015,reversed,prog.conditionals,prog.operators_expressions
P016,edge,prog.nested_loops,dsa.big_o
P017,reversed,dsa.merge_sort,dsa.complexity_classes
P018,reversed,dsa.big_o,prog.nested_loops
P019,non_edge,prog.loops,prog.methods
P020,edge,prog.methods,dsa.recursion_cases
P021,non_edge,dsa.call_stack,dsa.complexity_classes
P022,reversed,dsa.merge_sort,dsa.recursion_tracing
P023,reversed,prog.call_flow,prog.methods
P024,edge,prog.code_tracing,dsa.recursion_tracing
P025,edge,prog.arrays,prog.references
P026,non_edge,dsa.array_costs,dsa.complexity_classes
P027,edge,dsa.recursion_cases,dsa.recursion_tracing
P028,edge,prog.loops,prog.arrays
P029,edge,dsa.complexity_classes,dsa.merge_sort
P030,edge,prog.conditionals,prog.loops
P031,non_edge,prog.arrays,prog.nested_loops
P032,reversed,dsa.complexity_classes,dsa.big_o
P033,reversed,prog.arrays,prog.loops
P034,reversed,prog.code_tracing,prog.references
P035,edge,prog.call_flow,prog.code_tracing
P036,reversed,prog.variables_types,prog.java_intro
P037,edge,prog.loops,prog.nested_loops
P038,edge,prog.classes_objects,prog.references
P039,edge,dsa.tree_traversal,dsa.bst
P040,edge,prog.references,dsa.linked_list
P041,reversed,prog.arrays,prog.variables_types
P042,reversed,prog.operators_expressions,prog.variables_types
P043,edge,dsa.big_o,dsa.complexity_classes
P044,non_edge,prog.call_flow,prog.conditionals
P045,non_edge,dsa.queue,dsa.call_stack
P046,non_edge,prog.conditionals,prog.classes_objects
P047,edge,prog.variables_types,prog.arrays
P048,edge,dsa.recursion_tracing,dsa.tree_traversal
P049,edge,dsa.call_stack,dsa.recursion_cases
P050,reversed,prog.methods,prog.variables_types
P051,edge,prog.operators_expressions,prog.conditionals
P052,edge,prog.loops,dsa.big_o
P053,edge,dsa.recursion_tracing,dsa.merge_sort
P054,non_edge,prog.methods,prog.arrays
P055,non_edge,dsa.recursion_tracing,dsa.complexity_classes
P056,edge,prog.array_iteration,dsa.linked_list
P057,non_edge,prog.references,prog.array_iteration
P058,edge,dsa.array_costs,dsa.stack
P059,edge,prog.variables_types,prog.methods
P060,edge,prog.methods,prog.call_flow
P061,edge,dsa.array_costs,dsa.linked_list
P062,reversed,prog.code_tracing,prog.nested_loops
P063,non_edge,prog.operators_expressions,prog.classes_objects
P064,edge,prog.call_flow,dsa.call_stack
P065,edge,dsa.big_o,dsa.array_costs
P066,edge,dsa.complexity_classes,dsa.bst
P067,reversed,prog.code_tracing,prog.call_flow
P068,non_edge,prog.classes_objects,prog.call_flow
P069,edge,prog.arrays,dsa.array_costs
